,id,Warengruppe,Umsatz,Bewoelkung,Temperatur,Windgeschwindigkeit,Wettercode,is_kiwo,is_windjammer,Jahr,Monat,Wochentag,Tag_im_Monat,Woche_im_Jahr,is_weekend
count,9334.0,9334.0,9334.0,9334.0,9334.0,9334.0,9334.0,9334.0,9334.0,9334.0,9334.0,9334.0,9334.0,9334.0,9334.0
mean,1559311.2497321619,3.088172273409042,206.74904447892774,4.730340689950718,12.027791572101993,10.973109063638312,34.68320119991429,0.023891150632097707,0.002678380115706021,2015.5249625026784,6.654810370687808,3.000535676023141,15.71009213627598,27.131240625669594,0.28690807799442897
std,151250.25467326038,1.4890015804301744,144.54518871171024,2.638639834744377,7.226645688347071,4.128627395087548,23.793002261169924,0.15271824466379952,0.05168648378995112,1.5218570335924944,3.461901736900359,2.0010443357629657,8.746360522249635,15.107806563542649,0.45234251857678404
min,1307011.0,1.0,7.0512010098527,0.0,-8.475,3.0,0.0,0.0,0.0,2013.0,1.0,0.0,1.0,1.0,0.0
25%,1410123.25,2.0,96.89744137290751,3.0,6.25,8.0,20.0,0.0,0.0,2014.0,4.0,1.0,8.0,14.0,0.0
50%,1601102.5,3.0,161.9008308979695,6.0,11.625,10.0,28.0,0.0,0.0,2016.0,7.0,3.0,16.0,28.0,0.0
75%,1704222.75,4.0,280.6446632132402,7.0,17.9625,13.0,61.0,0.0,0.0,2017.0,10.0,5.0,23.0,40.0,1.0
max,1807315.0,6.0,1879.46183076734,8.0,31.4375,35.0,95.0,1.0,1.0,2018.0,12.0,6.0,31.0,53.0,1.0
